{
  "Ucrânia": {
    "nome": "Ucrânia 🇺🇦",
    "código_ISO": "UA",
    "prefixo": "+380",
    "nome_en": "Ukraine",
    "nome_ru": "Украина",
    "provedores_virtuais": ["virtual2", "virtual21", "virtual4", "virtual51", "virtual52", "virtual59", "virtual60"]
  },
  "Cazaquistão": {
    "nome": "Cazaquistão 🇰🇿",
    "código_ISO": "KZ",
    "prefixo": "+7",
    "nome_en": "Kazakhstan",
    "nome_ru": "Казахстан",
    "provedores_virtuais": ["virtual2", "virtual21", "virtual52", "virtual58"]
  },
  "Filipinas": {
    "nome": "Filipinas 🇵🇭",
    "código_ISO": "PH",
    "prefixo": "+63",
    "nome_en": "Philippines",
    "nome_ru": "Филиппины",
    "provedores_virtuais": ["virtual21", "virtual4", "virtual51", "virtual52", "virtual58", "virtual59", "virtual60"]
  },
  "Brasil": {
    "nome": "Brasil 🇧🇷",
    "código_ISO": "BR",
    "prefixo": "+55",
    "nome_en": "Brazil",
    "nome_ru": "Бразилия",
    "provedores_virtuais": ["virtual21", "virtual4", "virtual51", "virtual59", "virtual60", "virtual61"]
  },
  "Mianmar": {
    "nome": "Mianmar 🇲🇲",
    "código_ISO": "MM",
    "prefixo": "+95",
    "nome_en": "Myanmar",
    "nome_ru": "Мьянма",
    "provedores_virtuais": ["virtual21", "virtual4"]
  },
  "Indonésia": {
    "nome": "Indonésia 🇮🇩",
    "código_ISO": "ID",
    "prefixo": "+62",
    "nome_en": "Indonesia",
    "nome_ru": "Индонезия",
    "provedores_virtuais": ["virtual21", "virtual4", "virtual51", "virtual52", "virtual59", "virtual60"]
  },
  "Malásia": {
    "nome": "Malásia 🇲🇾",
    "código_ISO": "MY",
    "prefixo": "+60",
    "nome_en": "Malaysia",
    "nome_ru": "Малайзия",
    "provedores_virtuais": ["virtual21", "virtual4", "virtual51", "virtual52", "virtual59", "virtual60"]
  },
  "Quênia": {
    "nome": "Quênia 🇰🇪",
    "código_ISO": "KE",
    "prefixo": "+254",
    "nome_en": "Kenya",
    "nome_ru": "Кения",
    "provedores_virtuais": ["virtual2", "virtual21", "virtual4", "virtual51", "virtual52", "virtual59", "virtual60"]
  },
  "Vietnã": {
    "nome": "Vietnã 🇻🇳",
    "código_ISO": "VN",
    "prefixo": "+84",
    "nome_en": "Vietnam",
    "nome_ru": "Вьетнам",
    "provedores_virtuais": ["virtual21", "virtual4", "virtual52", "virtual58"]
  },
  "Quirguistão": {
    "nome": "Quirguistão 🇰🇬",
    "código_ISO": "KG",
    "prefixo": "+996",
    "nome_en": "Kyrgyzstan",
    "nome_ru": "Кыргызстан",
    "provedores_virtuais": ["virtual21", "virtual4", "virtual42", "virtual51", "virtual52", "virtual59", "virtual60"]
  },
  "Israel": {
    "nome": "Israel 🇮🇱",
    "código_ISO": "IL",
    "prefixo": "+972",
    "nome_en": "Israel",
    "nome_ru": "Израиль",
    "provedores_virtuais": ["virtual21", "virtual4"]
  },
  "Hong Kong": {
    "nome": "Hong Kong 🇭🇰",
    "código_ISO": "HK",
    "prefixo": "+852",
    "nome_en": "Hong Kong",
    "nome_ru": "Гонконг",
    "provedores_virtuais": ["virtual4"]
  },
  "Polônia": {
    "nome": "Polônia 🇵🇱",
    "código_ISO": "PL",
    "prefixo": "+48",
    "nome_en": "Poland",
    "nome_ru": "Польша",
    "provedores_virtuais": ["virtual21", "virtual26", "virtual34", "virtual4", "virtual51", "virtual52", "virtual53", "virtual58", "virtual59", "virtual60"]
  },
  "Reino Unido": {
    "nome": "Reino Unido 🇬🇧",
    "código_ISO": "GB",
    "prefixo": "+44",
    "nome_en": "United Kingdom",
    "nome_ru": "Великобритания",
    "provedores_virtuais": ["virtual2", "virtual21", "virtual4", "virtual51", "virtual52", "virtual59", "virtual60"]
  },
  "Nigéria": {
    "nome": "Nigéria 🇳🇬",
    "código_ISO": "NG",
    "prefixo": "+234",
    "nome_en": "Nigeria",
    "nome_ru": "Нигерия",
    "provedores_virtuais": ["virtual2", "virtual21", "virtual4"]
  },
  "Índia": {
    "nome": "Índia 🇮🇳",
    "código_ISO": "IN",
    "prefixo": "+91",
    "nome_en": "India",
    "nome_ru": "Индия",
    "provedores_virtuais": ["virtual2", "virtual21", "virtual4"]
  },
  "Irlanda": {
    "nome": "Irlanda 🇮🇪",
    "código_ISO": "IE",
    "prefixo": "+353",
    "nome_en": "Ireland",
    "nome_ru": "Ирландия",
    "provedores_virtuais": ["virtual21", "virtual4"]
  },
  "Laos": {
    "nome": "Laos 🇱🇦",
    "código_ISO": "LA",
    "prefixo": "+856",
    "nome_en": "Laos",
    "nome_ru": "Лаос",
    "provedores_virtuais": ["virtual21", "virtual4", "virtual52"]
  },
  "Costa do Marfim": {
    "nome": "Costa do Marfim 🇨🇮",
    "código_ISO": "CI",
    "prefixo": "+225",
    "nome_en": "Ivory Coast",
    "nome_ru": "Кот-д’Ивуар",
    "provedores_virtuais": ["virtual21", "virtual4"]
  },
  "Sérvia": {
    "nome": "Sérvia 🇷🇸",
    "código_ISO": "RS",
    "prefixo": "+381",
    "nome_en": "Serbia",
    "nome_ru": "Сербия",
    "provedores_virtuais": ["virtual2", "virtual21", "virtual4"]
  },
  "África do Sul": {
    "nome": "África do Sul 🇿🇦",
    "código_ISO": "ZA",
    "prefixo": "+27",
    "nome_en": "South Africa",
    "nome_ru": "Южная Африка",
    "provedores_virtuais": ["virtual2", "virtual21", "virtual4", "virtual51", "virtual52", "virtual59", "virtual60"]
  },
  "Romênia": {
    "nome": "Romênia 🇷🇴",
    "código_ISO": "RO",
    "prefixo": "+40",
    "nome_en": "Romania",
    "nome_ru": "Румыния",
    "provedores_virtuais": ["virtual2", "virtual21", "virtual26", "virtual34", "virtual36", "virtual37", "virtual4", "virtual52", "virtual56"]
  },
  "Colômbia": {
    "nome": "Colômbia 🇨🇴",
    "código_ISO": "CO",
    "prefixo": "+57",
    "nome_en": "Colombia",
    "nome_ru": "Колумбия",
    "provedores_virtuais": ["virtual21", "virtual4", "virtual51", "virtual59", "virtual60"]
  },
  "Estônia": {
    "nome": "Estônia 🇪🇪",
    "código_ISO": "EE",
    "prefixo": "+372",
    "nome_en": "Estonia",
    "nome_ru": "Эстония",
    "provedores_virtuais": ["virtual2", "virtual26", "virtual34", "virtual4", "virtual52"]
  },
  "Canadá": {
    "nome": "Canadá 🇨🇦",
    "código_ISO": "CA",
    "prefixo": "+1",
    "nome_en": "Canada",
    "nome_ru": "Канада",
    "provedores_virtuais": ["virtual12", "virtual2", "virtual28", "virtual39", "virtual40", "virtual8"]
  },
  "Marrocos": {
    "nome": "Marrocos 🇲🇦",
    "código_ISO": "MA",
    "prefixo": "+212",
    "nome_en": "Morocco",
    "nome_ru": "Марокко",
    "provedores_virtuais": ["virtual2", "virtual21", "virtual26", "virtual4", "virtual51", "virtual52", "virtual59", "virtual60"]
  },
  "Argentina": {
    "nome": "Argentina 🇦🇷",
    "código_ISO": "AR",
    "prefixo": "+54",
    "nome_en": "Argentina",
    "nome_ru": "Аргентина",
    "provedores_virtuais": ["virtual21", "virtual34", "virtual4", "virtual52", "virtual58"]
  },
  "Uzbequistão": {
    "nome": "Uzbequistão 🇺🇿",
    "código_ISO": "UZ",
    "prefixo": "+998",
    "nome_en": "Uzbekistan",
    "nome_ru": "Узбекистан",
    "provedores_virtuais": ["virtual2", "virtual21", "virtual4", "virtual51", "virtual52", "virtual59", "virtual60"]
  },
  "Alemanha": {
    "nome": "Alemanha 🇩🇪",
    "código_ISO": "DE",
    "prefixo": "+49",
    "nome_en": "Germany",
    "nome_ru": "Германия",
    "provedores_virtuais": ["virtual2", "virtual26", "virtual28", "virtual51", "virtual52", "virtual58", "virtual59", "virtual60"]
  },
  "Lituânia": {
    "nome": "Lituânia 🇱🇹",
    "código_ISO": "LT",
    "prefixo": "+370",
    "nome_en": "Lithuania",
    "nome_ru": "Литва",
    "provedores_virtuais": ["virtual2", "virtual26", "virtual34", "virtual4", "virtual41", "virtual52", "virtual58"]
  },
  "Croácia": {
    "nome": "Croácia 🇭🇷",
    "código_ISO": "HR",
    "prefixo": "+385",
    "nome_en": "Croatia",
    "nome_ru": "Хорватия",
    "provedores_virtuais": ["virtual2", "virtual26", "virtual34", "virtual4", "virtual41", "virtual51", "virtual52", "virtual59", "virtual60"]
  },
  "Suécia": {
    "nome": "Suécia 🇸🇪",
    "código_ISO": "SE",
    "prefixo": "+46",
    "nome_en": "Sweden",
    "nome_ru": "Швеция",
    "provedores_virtuais": ["virtual51", "virtual52", "virtual59", "virtual60"]
  },
  "Iraque": {
    "nome": "Iraque 🇮🇶",
    "código_ISO": "IQ",
    "prefixo": "+964",
    "nome_en": "Iraq",
    "nome_ru": "Ирак",
    "provedores_virtuais": ["virtual21", "virtual4"]
  },
  "Holanda": {
    "nome": "Holanda 🇳🇱",
    "código_ISO": "NL",
    "prefixo": "+31",
    "nome_en": "Netherlands",
    "nome_ru": "Нидерланды",
    "provedores_virtuais": ["virtual2", "virtual26", "virtual34", "virtual42", "virtual51", "virtual52", "virtual53", "virtual58", "virtual59", "virtual60"]
  },
  "Letônia": {
    "nome": "Letônia 🇱🇻",
    "código_ISO": "LV",
    "prefixo": "+371",
    "nome_en": "Latvia",
    "nome_ru": "Латвия",
    "provedores_virtuais": ["virtual2", "virtual26", "virtual34", "virtual4", "virtual52", "virtual58"]
  },
  "Áustria": {
    "nome": "Áustria 🇦🇹",
    "código_ISO": "AT",
    "prefixo": "+43",
    "nome_en": "Austria",
    "nome_ru": "Австрия",
    "provedores_virtuais": ["virtual2", "virtual26", "virtual4", "virtual51", "virtual52", "virtual58", "virtual59", "virtual60"]
  },
  "Bielorrússia": {
    "nome": "Bielorrússia 🇧🇾",
    "código_ISO": "BY",
    "prefixo": "+375",
    "nome_en": "Belarus",
    "nome_ru": "Беларусь",
    "provedores_virtuais": ["virtual2", "virtual21", "virtual4"]
  },
  "Tailândia": {
    "nome": "Tailândia 🇹🇭",
    "código_ISO": "TH",
    "prefixo": "+66",
    "nome_en": "Thailand",
    "nome_ru": "Таиланд",
    "provedores_virtuais": ["virtual21", "virtual4", "virtual52", "virtual53"]
  },
  "México": {
    "nome": "México 🇲🇽",
    "código_ISO": "MX",
    "prefixo": "+52",
    "nome_en": "Mexico",
    "nome_ru": "Мексика",
    "provedores_virtuais": ["virtual21", "virtual4", "virtual42", "virtual51", "virtual52", "virtual59", "virtual60"]
  },
  "Espanha": {
    "nome": "Espanha 🇪🇸",
    "código_ISO": "ES",
    "prefixo": "+34",
    "nome_en": "Spain",
    "nome_ru": "Испания",
    "provedores_virtuais": ["virtual2", "virtual21", "virtual26", "virtual34", "virtual4", "virtual51", "virtual52", "virtual58", "virtual59", "virtual60"]
  },
  "Irã": {
    "nome": "Irã 🇮🇷",
    "código_ISO": "IR",
    "prefixo": "+98",
    "nome_en": "Iran",
    "nome_ru": "Иран",
    "provedores_virtuais": ["virtual21", "virtual4"]
  },
  "Turquia": {
    "nome": "Turquia 🇹🇷",
    "código_ISO": "TR",
    "prefixo": "+90",
    "nome_en": "Turkey",
    "nome_ru": "Турция",
    "provedores_virtuais": ["virtual21", "virtual4"]
  },
  "Tchéquia": {
    "nome": "Tchéquia 🇨🇿",
    "código_ISO": "CZ",
    "prefixo": "+420",
    "nome_en": "Czechia",
    "nome_ru": "Чехия",
    "provedores_virtuais": ["virtual26", "virtual34", "virtual4", "virtual41", "virtual51", "virtual52", "virtual53", "virtual58", "virtual59", "virtual60"]
  },
  "Nova Zelândia": {
    "nome": "Nova Zelândia 🇳🇿",
    "código_ISO": "NZ",
    "prefixo": "+64",
    "nome_en": "New Zealand",
    "nome_ru": "Новая Зеландия",
    "provedores_virtuais": ["virtual4"]
  },
  "Guiné": {
    "nome": "Guiné 🇬🇳",
    "código_ISO": "GN",
    "prefixo": "+224",
    "nome_en": "Guinea",
    "nome_ru": "Гвинея",
    "provedores_virtuais": ["virtual21", "virtual4"]
  },
  "Afeganistão": {
    "nome": "Afeganistão 🇦🇫",
    "código_ISO": "AF",
    "prefixo": "+93",
    "nome_en": "Afghanistan",
    "nome_ru": "Афганистан",
    "provedores_virtuais": ["virtual21", "virtual27", "virtual4"]
  },
  "Chipre": {
    "nome": "Chipre 🇨🇾",
    "código_ISO": "CY",
    "prefixo": "+357",
    "nome_en": "Cyprus",
    "nome_ru": "Кипр",
    "provedores_virtuais": ["virtual2", "virtual26", "virtual4", "virtual58"]
  },
  "França": {
    "nome": "França 🇫🇷",
    "código_ISO": "FR",
    "prefixo": "+33",
    "nome_en": "France",
    "nome_ru": "Франция",
    "provedores_virtuais": ["virtual2", "virtual34", "virtual51", "virtual52", "virtual59", "virtual60"]
  },
  "Bulgária": {
    "nome": "Bulgária 🇧🇬",
    "código_ISO": "BG",
    "prefixo": "+359",
    "nome_en": "Bulgaria",
    "nome_ru": "Болгария",
    "provedores_virtuais": ["virtual2", "virtual21", "virtual4", "virtual52"]
  },
  "Itália": {
    "nome": "Itália 🇮🇹",
    "código_ISO": "IT",
    "prefixo": "+39",
    "nome_en": "Italy",
    "nome_ru": "Италия",
    "provedores_virtuais": ["virtual21", "virtual4", "virtual51", "virtual59", "virtual60"]
  },
  "Paraguai": {
    "nome": "Paraguai 🇵🇾",
    "código_ISO": "PY",
    "prefixo": "+595",
    "nome_en": "Paraguay",
    "nome_ru": "Парагвай",
    "provedores_virtuais": ["virtual21", "virtual4"]
  },
  "Portugal": {
    "nome": "Portugal 🇵🇹",
    "código_ISO": "PT",
    "prefixo": "+351",
    "nome_en": "Portugal",
    "nome_ru": "Португалия",
    "provedores_virtuais": ["virtual2", "virtual21", "virtual4", "virtual51", "virtual52", "virtual59", "virtual60"]
  },
  "Geórgia": {
    "nome": "Geórgia 🇬🇪",
    "código_ISO": "GE",
    "prefixo": "+995",
    "nome_en": "Georgia",
    "nome_ru": "Грузия",
    "provedores_virtuais": ["virtual2", "virtual21", "virtual4", "virtual52", "virtual59"]
  },
  "Grécia": {
    "nome": "Grécia 🇬🇷",
    "código_ISO": "GR",
    "prefixo": "+30",
    "nome_en": "Greece",
    "nome_ru": "Греция",
    "provedores_virtuais": ["virtual2", "virtual21", "virtual4", "virtual51", "virtual52"]
  },
  "Eslováquia": {
    "nome": "Eslováquia 🇸🇰",
    "código_ISO": "SK",
    "prefixo": "+421",
    "nome_en": "Slovakia",
    "nome_ru": "Словакия",
    "provedores_virtuais": ["virtual2", "virtual26", "virtual34", "virtual4", "virtual41", "virtual51", "virtual52", "virtual58", "virtual59", "virtual60"]
  },
  "Tajiquistão": {
    "nome": "Tajiquistão 🇹🇯",
    "código_ISO": "TJ",
    "prefixo": "+992",
    "nome_en": "Tajikistan",
    "nome_ru": "Таджикистан",
    "provedores_virtuais": ["virtual2", "virtual21", "virtual4"]
  },
  "Armênia": {
    "nome": "Armênia 🇦🇲",
    "código_ISO": "AM",
    "prefixo": "+374",
    "nome_en": "Armenia",
    "nome_ru": "Армения",
    "provedores_virtuais": ["virtual2", "virtual21", "virtual4"]
  },
  "Chile": {
    "nome": "Chile 🇨🇱",
    "código_ISO": "CL",
    "prefixo": "+56",
    "nome_en": "Chile",
    "nome_ru": "Чили",
    "provedores_virtuais": ["virtual21", "virtual4", "virtual51", "virtual52"]
  },
  "Finlândia": {
    "nome": "Finlândia 🇫🇮",
    "código_ISO": "FI",
    "prefixo": "+358",
    "nome_en": "Finland",
    "nome_ru": "Финляндия",
    "provedores_virtuais": ["virtual51", "virtual52", "virtual59", "virtual60"]
  },
  "Dinamarca": {
    "nome": "Dinamarca 🇩🇰",
    "código_ISO": "DK",
    "prefixo": "+45",
    "nome_en": "Denmark",
    "nome_ru": "Дания",
    "provedores_virtuais": ["virtual51", "virtual52", "virtual59", "virtual60"]
  },
  "Austrália": {
    "nome": "Austrália 🇦🇺",
    "código_ISO": "AU",
    "prefixo": "+61",
    "nome_en": "Australia",
    "nome_ru": "Австралия",
    "provedores_virtuais": ["virtual2", "virtual21", "virtual4"]
  },
  "Japão": {
    "nome": "Japão 🇯🇵",
    "código_ISO": "JP",
    "prefixo": "+81",
    "nome_en": "Japan",
    "nome_ru": "Япония",
    "provedores_virtuais": ["virtual2", "virtual21", "virtual4", "virtual52"]
  },
  "Estados Unidos": {
    "nome": "Estados Unidos 🇺🇸",
    "código_ISO": "US",
    "prefixo": "+1",
    "nome_en": "United States",
    "nome_ru": "США",
    "provedores_virtuais": ["virtual2", "virtual21", "virtual4", "virtual52", "virtual59"]
  },
  "Cingapura": {
    "nome": "Cingapura 🇸🇬",
    "código_ISO": "SG",
    "prefixo": "+65",
    "nome_en": "Singapore",
    "nome_ru": "Сингапур",
    "provedores_virtuais": ["virtual21", "virtual4", "virtual52"]
  },
  "Kosovo": {
    "nome": "Kosovo 🇽🇰",
    "código_ISO": "XK",
    "prefixo": "+383",
    "nome_en": "Kosovo",
    "nome_ru": "Косово",
    "provedores_virtuais": ["virtual2", "virtual21", "virtual4"]
  }
}
