{
  "1": "Ucrânia 🇺🇦",
  "2": "Cazaquistão 🇰🇿",
  "4": "Filipinas 🇵🇭",
  "73": "Brasil 🇧🇷",
  "5": "Mianmar 🇲🇲",
  "6": "Indonésia 🇮🇩",
  "7": "Malásia 🇲🇾",
  "8": "Quênia 🇰🇪",
  "10": "Vietnã 🇻🇳",
  "11": "Quirguistão 🇰🇬",
  "13": "Israel 🇮🇱",
  "14": "Hong Kong 🇭🇰",
  "15": "Polônia 🇵🇱",
  "16": "Reino Unido 🇬🇧",
  "19": "Nigéria 🇳🇬",
  "22": "Índia 🇮🇳",
  "23": "Irlanda 🇮🇪",
  "25": "Laos 🇱🇦",
  "27": "Costa do Marfim 🇨🇮",
  "29": "Sérvia 🇷🇸",
  "31": "África do Sul 🇿🇦",
  "32": "Romênia 🇷🇴",
  "33": "Colômbia 🇨🇴",
  "34": "Estônia 🇪🇪",
  "36": "Canadá 🇨🇦",
  "37": "Marrocos 🇲🇦",
  "39": "Argentina 🇦🇷",
  "40": "Uzbequistão 🇺🇿",
  "43": "Alemanha 🇩🇪",
  "44": "Lituânia 🇱🇹",
  "45": "Croácia 🇭🇷",
  "46": "Suécia 🇸🇪",
  "47": "Iraque 🇮🇶",
  "48": "Holanda 🇳🇱",
  "49": "Letônia 🇱🇻",
  "50": "Áustria 🇦🇹",
  "51": "Bielorrússia 🇧🇾",
  "52": "Tailândia 🇹🇭",
  "54": "México 🇲🇽",
  "56": "Espanha 🇪🇸",
  "57": "Irã 🇮🇷",
  "62": "Turquia 🇹🇷",
  "63": "Tchéquia 🇨🇿",
  "67": "Nova Zelândia 🇳🇿",
  "68": "Guiné 🇬🇳",
  "74": "Afeganistão 🇦🇫",
  "77": "Chipre 🇨🇾",
  "78": "França 🇫🇷",
  "83": "Bulgária 🇧🇬",
  "86": "Itália 🇮🇹",
  "87": "Paraguai 🇵🇾",
  "117": "Portugal 🇵🇹",
  "128": "Geórgia 🇬🇪",
  "129": "Grécia 🇬🇷",
  "141": "Eslováquia 🇸🇰",
  "143": "Tajiquistão 🇹🇯",
  "148": "Armênia 🇦🇲",
  "151": "Chile 🇨🇱",
  "163": "Finlândia 🇫🇮",
  "172": "Dinamarca 🇩🇰",
  "175": "Austrália 🇦🇺",
  "182": "Japão 🇯🇵",
  "187": "Estados Unidos 🇺🇸",
  "196": "Cingapura 🇸🇬",
  "203": "Kosovo 🇽🇰"
}
