{
  "Afghanistan": {
    "nome": "Afeganistão 🇦🇫",
    "código_ISO": "AF",
    "prefixo": "+93",
    "nome_en": "Afghanistan",
    "nome_ru": "Афганистан",
    "provedores_virtuais": ["virtual21", "virtual27", "virtual4"]
  },
  "Albania": {
    "nome": "Albânia 🇦🇱",
    "código_ISO": "AL",
    "prefixo": "+355",
    "nome_en": "Albania",
    "nome_ru": "Албания",
    "provedores_virtuais": ["virtual21", "virtual4"]
  },
  "Algeria": {
    "nome": "Argélia 🇩🇿",
    "código_ISO": "DZ",
    "prefixo": "+213",
    "nome_en": "Algeria",
    "nome_ru": "Алжир",
    "provedores_virtuais": ["virtual21", "virtual4"]
  },
  "Angola": {
    "nome": "Angola 🇦🇴",
    "código_ISO": "AO",
    "prefixo": "+244",
    "nome_en": "Angola",
    "nome_ru": "Ангола",
    "provedores_virtuais": ["virtual4", "virtual51", "virtual52", "virtual59", "virtual60"]
  },
  "Argentina": {
    "nome": "Argentina 🇦🇷",
    "código_ISO": "AR",
    "prefixo": "+54",
    "nome_en": "Argentina",
    "nome_ru": "Аргентина",
    "provedores_virtuais": ["virtual21", "virtual34", "virtual4", "virtual52", "virtual58"]
  },
  "Armenia": {
    "nome": "Armênia 🇦🇲",
    "código_ISO": "AM",
    "prefixo": "+374",
    "nome_en": "Armenia",
    "nome_ru": "Армения",
    "provedores_virtuais": ["virtual21", "virtual4"]
  },
  "Aruba": {
    "nome": "Aruba 🇦🇼",
    "código_ISO": "AW",
    "prefixo": "+297",
    "nome_en": "Aruba",
    "nome_ru": "Аруба",
    "provedores_virtuais": ["virtual4"]
  },
  "Australia": {
    "nome": "Austrália 🇦🇺",
    "código_ISO": "AU",
    "prefixo": "+61",
    "nome_en": "Australia",
    "nome_ru": "Австралия",
    "provedores_virtuais": ["virtual51", "virtual59", "virtual60"]
  },
  "Austria": {
    "nome": "Áustria 🇦🇹",
    "código_ISO": "AT",
    "prefixo": "+43",
    "nome_en": "Austria",
    "nome_ru": "Австрия",
    "provedores_virtuais": ["virtual2", "virtual26", "virtual4", "virtual51", "virtual52", "virtual58", "virtual59", "virtual60"]
  },
  "Bahamas": {
    "nome": "Bahamas 🇧🇸",
    "código_ISO": "BS",
    "prefixo": "+1",
    "nome_en": "Bahamas",
    "nome_ru": "Багамы",
    "provedores_virtuais": ["virtual21"]
  },
  "Bangladesh": {
    "nome": "Bangladesh 🇧🇩",
    "código_ISO": "BD",
    "prefixo": "+880",
    "nome_en": "Bangladesh",
    "nome_ru": "Бангладеш",
    "provedores_virtuais": ["virtual21", "virtual4", "virtual51", "virtual52", "virtual59", "virtual60"]
  },
  "Barbados": {
    "nome": "Barbados 🇧🇧",
    "código_ISO": "BB",
    "prefixo": "+1246",
    "nome_en": "Barbados",
    "nome_ru": "Барбадос",
    "provedores_virtuais": ["virtual21", "virtual4"]
  },
  "Belarus": {
    "nome": "Bielorrússia 🇧🇾",
    "código_ISO": "BY",
    "prefixo": "+375",
    "nome_en": "Belarus",
    "nome_ru": "Беларусь",
    "provedores_virtuais": ["virtual2", "virtual21", "virtual4"]
  },
  "Belgium": {
    "nome": "Bélgica 🇧🇪",
    "código_ISO": "BE",
    "prefixo": "+32",
    "nome_en": "Belgium",
    "nome_ru": "Бельгия",
    "provedores_virtuais": ["virtual34", "virtual51", "virtual59", "virtual60"]
  },
  "Belize": {
    "nome": "Belize 🇧🇿",
    "código_ISO": "BZ",
    "prefixo": "+501",
    "nome_en": "Belize",
    "nome_ru": "Белиз",
    "provedores_virtuais": ["virtual21"]
  },
  "Benin": {
    "nome": "Benin 🇧🇯",
    "código_ISO": "BJ",
    "prefixo": "+229",
    "nome_en": "Benin",
    "nome_ru": "Бенин",
    "provedores_virtuais": ["virtual2", "virtual21", "virtual4"]
  },
  "Bolivia": {
    "nome": "Bolívia 🇧🇴",
    "código_ISO": "BO",
    "prefixo": "+591",
    "nome_en": "Bolivia",
    "nome_ru": "Боливия",
    "provedores_virtuais": ["virtual21", "virtual4"]
  },
  "Botswana": {
    "nome": "Botswana 🇧🇼",
    "código_ISO": "BW",
    "prefixo": "+267",
    "nome_en": "Botswana",
    "nome_ru": "Ботсвана",
    "provedores_virtuais": ["virtual2", "virtual21", "virtual4"]
  },
  "Brazil": {
    "nome": "Brasil 🇧🇷",
    "código_ISO": "BR",
    "prefixo": "+55",
    "nome_en": "Brazil",
    "nome_ru": "Бразилия",
    "provedores_virtuais": ["virtual21", "virtual4", "virtual51", "virtual59", "virtual60", "virtual61"]
  },
  "Bulgaria": {
    "nome": "Bulgária 🇧🇬",
    "código_ISO": "BG",
    "prefixo": "+359",
    "nome_en": "Bulgaria",
    "nome_ru": "Болгария",
    "provedores_virtuais": ["virtual2", "virtual21", "virtual4", "virtual52"]
  },
  "Burkina Faso": {
    "nome": "Burkina Faso 🇧🇫",
    "código_ISO": "BF",
    "prefixo": "+226",
    "nome_en": "Burkina Faso",
    "nome_ru": "Буркина-Фасо",
    "provedores_virtuais": ["virtual2", "virtual21", "virtual4"]
  },
  "Burundi": {
    "nome": "Burundi 🇧🇮",
    "código_ISO": "BI",
    "prefixo": "+257",
    "nome_en": "Burundi",
    "nome_ru": "Бурунди",
    "provedores_virtuais": ["virtual2", "virtual21", "virtual4"]
  },
  "Cambodia": {
    "nome": "Camboja 🇰🇭",
    "código_ISO": "KH",
    "prefixo": "+855",
    "nome_en": "Cambodia",
    "nome_ru": "Камбоджи",
    "provedores_virtuais": ["virtual21", "virtual4", "virtual49"]
  },
  "Cameroon": {
    "nome": "Camarões 🇨🇲",
    "código_ISO": "CM",
    "prefixo": "+237",
    "nome_en": "Cameroon",
    "nome_ru": "Камерун",
    "provedores_virtuais": ["virtual2", "virtual21", "virtual4"]
  },
  "Canada": {
    "nome": "Canadá 🇨🇦",
    "código_ISO": "CA",
    "prefixo": "+1",
    "nome_en": "Canada",
    "nome_ru": "Канада",
    "provedores_virtuais": ["virtual12", "virtual2", "virtual28", "virtual39", "virtual40", "virtual8"]
  },
  "Cape Verde": {
    "nome": "Cabo Verde 🇨🇻",
    "código_ISO": "CV",
    "prefixo": "+238",
    "nome_en": "Cape Verde",
    "nome_ru": "Кабо-Верде",
    "provedores_virtuais": ["virtual21", "virtual4"]
  },
  "Chile": {
    "nome": "Chile 🇨🇱",
    "código_ISO": "CL",
    "prefixo": "+56",
    "nome_en": "Chile",
    "nome_ru": "Чили",
    "provedores_virtuais": ["virtual21"]
  },
  "Colombia": {
    "nome": "Colômbia 🇨🇴",
    "código_ISO": "CO",
    "prefixo": "+57",
    "nome_en": "Colombia",
    "nome_ru": "Колумбия",
    "provedores_virtuais": ["virtual21", "virtual4"]
  },
  "Costa Rica": {
    "nome": "Costa Rica 🇨🇷",
    "código_ISO": "CR",
    "prefixo": "+506",
    "nome_en": "Costa Rica",
    "nome_ru": "Коста-Рика",
    "provedores_virtuais": ["virtual21", "virtual4"]
  },
  "Croatia": {
    "nome": "Croácia 🇭🇷",
    "código_ISO": "HR",
    "prefixo": "+385",
    "nome_en": "Croatia",
    "nome_ru": "Хорватия",
    "provedores_virtuais": ["virtual2", "virtual26", "virtual34", "virtual4", "virtual41", "virtual51", "virtual52", "virtual59", "virtual60"]
  },
  "Czechia": {
    "nome": "República Tcheca 🇨🇿",
    "código_ISO": "CZ",
    "prefixo": "+420",
    "nome_en": "Czechia",
    "nome_ru": "Чехия",
    "provedores_virtuais": ["virtual26", "virtual34", "virtual4", "virtual41", "virtual51", "virtual52", "virtual53", "virtual58", "virtual59", "virtual60"]
  },
  "Denmark": {
    "nome": "Dinamarca 🇩🇰",
    "código_ISO": "DK",
    "prefixo": "+45",
    "nome_en": "Denmark",
    "nome_ru": "Дания",
    "provedores_virtuais": ["virtual34", "virtual51", "virtual52", "virtual59", "virtual60"]
  },
  "Dominican Republic": {
    "nome": "República Dominicana 🇩🇴",
    "código_ISO": "DO",
    "prefixo": "+1",
    "nome_en": "Dominican Republic",
    "nome_ru": "Доминиканская Республика",
    "provedores_virtuais": ["virtual4"]
  },
  "East Timor": {
    "nome": "Timor-Leste 🇹🇱",
    "código_ISO": "TL",
    "prefixo": "+670",
    "nome_en": "East Timor",
    "nome_ru": "Восточный Тимор",
    "provedores_virtuais": ["virtual4", "virtual51", "virtual59", "virtual60", "virtual7"]
  },
  "Ecuador": {
    "nome": "Equador 🇪🇨",
    "código_ISO": "EC",
    "prefixo": "+593",
    "nome_en": "Ecuador",
    "nome_ru": "Эквадор",
    "provedores_virtuais": ["virtual2", "virtual21", "virtual4"]
  },
  "Egypt": {
    "nome": "Egito 🇪🇬",
    "código_ISO": "EG",
    "prefixo": "+20",
    "nome_en": "Egypt",
    "nome_ru": "Египет",
    "provedores_virtuais": ["virtual21", "virtual4", "virtual51", "virtual59", "virtual60"]
  },
  "England": {
    "nome": "Inglaterra 🏴",
    "código_ISO": "GB",
    "prefixo": "+44",
    "nome_en": "England",
    "nome_ru": "Великобритания",
    "provedores_virtuais": ["virtual2", "virtual26", "virtual34", "virtual42", "virtual51", "virtual52", "virtual53", "virtual58", "virtual59", "virtual60", "virtual8"]
  },
  "Equatorial Guinea": {
    "nome": "Guiné Equatorial 🇬🇶",
    "código_ISO": "GQ",
    "prefixo": "+240",
    "nome_en": "Equatorial Guinea",
    "nome_ru": "Экваториальная Гвинея",
    "provedores_virtuais": ["virtual21", "virtual4"]
  },
  "Estonia": {
    "nome": "Estônia 🇪🇪",
    "código_ISO": "EE",
    "prefixo": "+372",
    "nome_en": "Estonia",
    "nome_ru": "Эстония",
    "provedores_virtuais": ["virtual2", "virtual26", "virtual34", "virtual4", "virtual52"]
  },
  "Ethiopia": {
    "nome": "Etiópia 🇪🇹",
    "código_ISO": "ET",
    "prefixo": "+251",
    "nome_en": "Ethiopia",
    "nome_ru": "Эфиопия",
    "provedores_virtuais": ["virtual2", "virtual21", "virtual4"]
  },
  "Finland": {
    "nome": "Finlândia 🇫🇮",
    "código_ISO": "FI",
    "prefixo": "+358",
    "nome_en": "Finland",
    "nome_ru": "Финляндия",
    "provedores_virtuais": ["virtual2", "virtual4", "virtual51", "virtual52", "virtual59", "virtual60"]
  },
  "France": {
    "nome": "França 🇫🇷",
    "código_ISO": "FR",
    "prefixo": "+33",
    "nome_en": "France",
    "nome_ru": "Франция",
    "provedores_virtuais": ["virtual2", "virtual34", "virtual51", "virtual52", "virtual59", "virtual60"]
  },
  "French Guiana": {
    "nome": "Guiana Francesa 🇬🇫",
    "código_ISO": "GF",
    "prefixo": "+594",
    "nome_en": "French Guiana",
    "nome_ru": "Французская Гвиана",
    "provedores_virtuais": ["virtual4"]
  },
  "Gabon": {
    "nome": "Gabão 🇬🇦",
    "código_ISO": "GA",
    "prefixo": "+241",
    "nome_en": "Gabon",
    "nome_ru": "Габон",
    "provedores_virtuais": ["virtual2", "virtual21", "virtual4"]
  },
  "Gambia": {
    "nome": "Gâmbia 🇬🇲",
    "código_ISO": "GM",
    "prefixo": "+220",
    "nome_en": "Gambia",
    "nome_ru": "Гамбия",
    "provedores_virtuais": ["virtual2", "virtual21", "virtual4"]
  },
  "Georgia": {
    "nome": "Geórgia 🇬🇪",
    "código_ISO": "GE",
    "prefixo": "+995",
    "nome_en": "Georgia",
    "nome_ru": "Грузия",
    "provedores_virtuais": ["virtual21", "virtual34", "virtual4", "virtual51", "virtual52", "virtual58", "virtual59", "virtual60"]
  },
  "Germany": {
    "nome": "Alemanha 🇩🇪",
    "código_ISO": "DE",
    "prefixo": "+49",
    "nome_en": "Germany",
    "nome_ru": "Германия",
    "provedores_virtuais": ["virtual2", "virtual26", "virtual28", "virtual51", "virtual52", "virtual58", "virtual59", "virtual60"]
  },
  "Ghana": {
    "nome": "Gana 🇬🇭",
    "código_ISO": "GH",
    "prefixo": "+233",
    "nome_en": "Ghana",
    "nome_ru": "Гана",
    "provedores_virtuais": ["virtual2", "virtual21", "virtual4"]
  },
  "Greece": {
    "nome": "Grécia 🇬🇷",
    "código_ISO": "GR",
    "prefixo": "+30",
    "nome_en": "Greece",
    "nome_ru": "Греция",
    "provedores_virtuais": ["virtual2", "virtual21", "virtual4", "virtual51", "virtual52", "virtual59", "virtual60"]
  },
  "Guadeloupe": {
    "nome": "Guadalupe 🇬🇵",
    "código_ISO": "GP",
    "prefixo": "+590",
    "nome_en": "Guadeloupe",
    "nome_ru": "Гваделупа",
    "provedores_virtuais": ["virtual4"]
  },
  "Guatemala": {
    "nome": "Guatemala 🇬🇹",
    "código_ISO": "GT",
    "prefixo": "+502",
    "nome_en": "Guatemala",
    "nome_ru": "Гватемала",
    "provedores_virtuais": ["virtual21", "virtual4", "virtual51", "virtual52", "virtual59", "virtual60"]
  },
  "Guinea": {
    "nome": "Guiné 🇬🇳",
    "código_ISO": "GN",
    "prefixo": "+224",
    "nome_en": "Guinea",
    "nome_ru": "Гвинея",
    "provedores_virtuais": ["virtual21", "virtual4"]
  },
  "Guinea-Bissau": {
    "nome": "Guiné-Bissau 🇬🇼",
    "código_ISO": "GW",
    "prefixo": "+245",
    "nome_en": "Guinea-Bissau",
    "nome_ru": "Гвинея-Бисау",
    "provedores_virtuais": ["virtual4"]
  },
  "Guyana": {
    "nome": "Guiana 🇬🇾",
    "código_ISO": "GY",
    "prefixo": "+592",
    "nome_en": "Guyana",
    "nome_ru": "Гайана",
    "provedores_virtuais": ["virtual21", "virtual4"]
  },
  "Haiti": {
    "nome": "Haiti 🇭🇹",
    "código_ISO": "HT",
    "prefixo": "+509",
    "nome_en": "Haiti",
    "nome_ru": "Гаити",
    "provedores_virtuais": ["virtual2", "virtual21", "virtual4"]
  },
  "Honduras": {
    "nome": "Honduras 🇭🇳",
    "código_ISO": "HN",
    "prefixo": "+504",
    "nome_en": "Honduras",
    "nome_ru": "Гондурас",
    "provedores_virtuais": ["virtual21", "virtual4", "virtual51", "virtual54", "virtual59", "virtual60"]
  },
  "Hong Kong": {
    "nome": "Hong Kong 🇭🇰",
    "código_ISO": "HK",
    "prefixo": "+852",
    "nome_en": "Hong Kong",
    "nome_ru": "Гонконг",
    "provedores_virtuais": ["virtual28", "virtual4", "virtual52", "virtual54"]
  },
  "Hungary": {
    "nome": "Hungria 🇭🇺",
    "código_ISO": "HU",
    "prefixo": "+36",
    "nome_en": "Hungary",
    "nome_ru": "Венгрия",
    "provedores_virtuais": ["virtual4", "virtual51", "virtual59", "virtual60"]
  },
  "India": {
    "nome": "Índia 🇮🇳",
    "código_ISO": "IN",
    "prefixo": "+91",
    "nome_en": "India",
    "nome_ru": "Индия",
    "provedores_virtuais": ["virtual21", "virtual4", "virtual58"]
  },
  "Indonesia": {
    "nome": "Indonésia 🇮🇩",
    "código_ISO": "ID",
    "prefixo": "+62",
    "nome_en": "Indonesia",
    "nome_ru": "Индонезия",
    "provedores_virtuais": ["virtual2", "virtual21", "virtual4", "virtual52", "virtual53", "virtual58"]
  },
  "Ireland": {
    "nome": "Irlanda 🇮🇪",
    "código_ISO": "IE",
    "prefixo": "+353",
    "nome_en": "Ireland",
    "nome_ru": "Ирландия",
    "provedores_virtuais": ["virtual34", "virtual4", "virtual51", "virtual53", "virtual59", "virtual60"]
  },
  "Israel": {
    "nome": "Israel 🇮🇱",
    "código_ISO": "IL",
    "prefixo": "+972",
    "nome_en": "Israel",
    "nome_ru": "Израиль",
    "provedores_virtuais": ["virtual2", "virtual21", "virtual4", "virtual51", "virtual52", "virtual59", "virtual60"]
  },
  "Italy": {
    "nome": "Itália 🇮🇹",
    "código_ISO": "IT",
    "prefixo": "+39",
    "nome_en": "Italy",
    "nome_ru": "Италия",
    "provedores_virtuais": ["virtual21", "virtual4", "virtual51", "virtual59", "virtual60"]
  },
  "Ivory Coast": {
    "nome": "Costa do Marfim 🇨🇮",
    "código_ISO": "CI",
    "prefixo": "+225",
    "nome_en": "Ivory Coast",
    "nome_ru": "Кот-д'Ивуар",
    "provedores_virtuais": ["virtual2", "virtual4"]
  },
  "Japan": {
    "nome": "Japão 🇯🇵",
    "código_ISO": "JP",
    "prefixo": "+81",
    "nome_en": "Japan",
    "nome_ru": "Япония",
    "provedores_virtuais": ["virtual2", "virtual21", "virtual4"]
  },
  "Jordan": {
    "nome": "Jordânia 🇯🇴",
    "código_ISO": "JO",
    "prefixo": "+962",
    "nome_en": "Jordan",
    "nome_ru": "Иордания",
    "provedores_virtuais": ["virtual21", "virtual4"]
  },
  "Kazakhstan": {
    "nome": "Cazaquistão 🇰🇿",
    "código_ISO": "KZ",
    "prefixo": "+7",
    "nome_en": "Kazakhstan",
    "nome_ru": "Казахстан",
    "provedores_virtuais": ["virtual2", "virtual21", "virtual52", "virtual58"]
  },
  "Kenya": {
    "nome": "Quênia 🇰🇪",
    "código_ISO": "KE",
    "prefixo": "+254",
    "nome_en": "Kenya",
    "nome_ru": "Кения",
    "provedores_virtuais": ["virtual2", "virtual21", "virtual4", "virtual51", "virtual52", "virtual59", "virtual60"]
  },
  "Kyrgyzstan": {
    "nome": "Quirguistão 🇰🇬",
    "código_ISO": "KG",
    "prefixo": "+996",
    "nome_en": "Kyrgyzstan",
    "nome_ru": "Кыргызстан",
    "provedores_virtuais": ["virtual21", "virtual4", "virtual42", "virtual51", "virtual52", "virtual59", "virtual60"]
  },
  "Laos": {
    "nome": "Laos 🇱🇦",
    "código_ISO": "LA",
    "prefixo": "+856",
    "nome_en": "Laos",
    "nome_ru": "Лаос",
    "provedores_virtuais": ["virtual21", "virtual4", "virtual52"]
  },
  "Latvia": {
    "nome": "Letônia 🇱🇻",
    "código_ISO": "LV",
    "prefixo": "+371",
    "nome_en": "Latvia",
    "nome_ru": "Латвия",
    "provedores_virtuais": ["virtual2", "virtual26", "virtual34", "virtual4", "virtual52", "virtual58"]
  },
  "Lesotho": {
    "nome": "Lesoto 🇱🇸",
    "código_ISO": "LS",
    "prefixo": "+266",
    "nome_en": "Lesotho",
    "nome_ru": "Лесото",
    "provedores_virtuais": ["virtual21", "virtual4"]
  },
  "Liberia": {
    "nome": "Libéria 🇱🇷",
    "código_ISO": "LR",
    "prefixo": "+231",
    "nome_en": "Liberia",
    "nome_ru": "Либерия",
    "provedores_virtuais": ["virtual2", "virtual21", "virtual4"]
  },
  "Luxembourg": {
    "nome": "Luxemburgo 🇱🇺",
    "código_ISO": "LU",
    "prefixo": "+352",
    "nome_en": "Luxembourg",
    "nome_ru": "Люксембург",
    "provedores_virtuais": ["virtual21", "virtual4"]
  },
  "Macau": {
    "nome": "Macau 🇲🇴",
    "código_ISO": "MO",
    "prefixo": "+853",
    "nome_en": "Macau",
    "nome_ru": "Макао",
    "provedores_virtuais": ["virtual4"]
  },
  "Madagascar": {
    "nome": "Madagáscar 🇲🇬",
    "código_ISO": "MG",
    "prefixo": "+261",
    "nome_en": "Madagascar",
    "nome_ru": "Мадагаскар",
    "provedores_virtuais": ["virtual21", "virtual4"]
  },
  "Malawi": {
    "nome": "Malawi 🇲🇼",
    "código_ISO": "MW",
    "prefixo": "+265",
    "nome_en": "Malawi",
    "nome_ru": "Малави",
    "provedores_virtuais": ["virtual21", "virtual4", "virtual51", "virtual59", "virtual60"]
  },
  "Malaysia": {
    "nome": "Malásia 🇲🇾",
    "código_ISO": "MY",
    "prefixo": "+60",
    "nome_en": "Malaysia",
    "nome_ru": "Малайзия",
    "provedores_virtuais": ["virtual21", "virtual4", "virtual51", "virtual52", "virtual59", "virtual60"]
  },
  "Maldives": {
    "nome": "Maldivas 🇲🇻",
    "código_ISO": "MV",
    "prefixo": "+960",
    "nome_en": "Maldives",
    "nome_ru": "Мальдивы",
    "provedores_virtuais": ["virtual21", "virtual4"]
  },
  "Mauritania": {
    "nome": "Mauritânia 🇲🇷",
    "código_ISO": "MR",
    "prefixo": "+222",
    "nome_en": "Mauritania",
    "nome_ru": "Мавритания",
    "provedores_virtuais": ["virtual21", "virtual4"]
  },
  "Mauritius": {
    "nome": "Maurício 🇲🇺",
    "código_ISO": "MU",
    "prefixo": "+230",
    "nome_en": "Mauritius",
    "nome_ru": "Маврикий",
    "provedores_virtuais": ["virtual21", "virtual4"]
  },
  "Mexico": {
    "nome": "México 🇲🇽",
    "código_ISO": "MX",
    "prefixo": "+52",
    "nome_en": "Mexico",
    "nome_ru": "Мексика",
    "provedores_virtuais": ["virtual21", "virtual4", "virtual42", "virtual51", "virtual52", "virtual59", "virtual60"]
  },
  "Moldova": {
    "nome": "Moldávia 🇲🇩",
    "código_ISO": "MD",
    "prefixo": "+373",
    "nome_en": "Moldova",
    "nome_ru": "Молдавия",
    "provedores_virtuais": ["virtual2", "virtual21", "virtual26", "virtual4", "virtual52"]
  },
  "Mongolia": {
    "nome": "Mongólia 🇲🇳",
    "código_ISO": "MN",
    "prefixo": "+976",
    "nome_en": "Mongolia",
    "nome_ru": "Монголия",
    "provedores_virtuais": ["virtual21", "virtual4", "virtual7"]
  },
  "Montenegro": {
    "nome": "Montenegro 🇲🇪",
    "código_ISO": "ME",
    "prefixo": "+382",
    "nome_en": "Montenegro",
    "nome_ru": "Черногория",
    "provedores_virtuais": ["virtual21", "virtual4"]
  },
  "Morocco": {
    "nome": "Marrocos 🇲🇦",
    "código_ISO": "MA",
    "prefixo": "+212",
    "nome_en": "Morocco",
    "nome_ru": "Марокко",
    "provedores_virtuais": ["virtual2", "virtual21", "virtual26", "virtual4", "virtual51", "virtual52", "virtual59", "virtual60"]
  },
  "Mozambique": {
    "nome": "Moçambique 🇲🇿",
    "código_ISO": "MZ",
    "prefixo": "+258",
    "nome_en": "Mozambique",
    "nome_ru": "Мозамбик",
    "provedores_virtuais": ["virtual21", "virtual4", "virtual51", "virtual52", "virtual59", "virtual60"]
  },
  "Namibia": {
    "nome": "Namíbia 🇳🇦",
    "código_ISO": "NA",
    "prefixo": "+264",
    "nome_en": "Namibia",
    "nome_ru": "Намибия",
    "provedores_virtuais": ["virtual21", "virtual4"]
  },
  "Nepal": {
    "nome": "Nepal 🇳🇵",
    "código_ISO": "NP",
    "prefixo": "+977",
    "nome_en": "Nepal",
    "nome_ru": "Непал",
    "provedores_virtuais": ["virtual21", "virtual4"]
  },
  "Netherlands": {
    "nome": "Países Baixos 🇳🇱",
    "código_ISO": "NL",
    "prefixo": "+31",
    "nome_en": "Netherlands",
    "nome_ru": "Нидерланды",
    "provedores_virtuais": ["virtual2", "virtual26", "virtual34", "virtual42", "virtual51", "virtual52", "virtual53", "virtual58", "virtual59", "virtual60"]
  },
  "New Caledonia": {
    "nome": "Nova Caledônia 🇳🇨",
    "código_ISO": "NC",
    "prefixo": "+687",
    "nome_en": "New Caledonia",
    "nome_ru": "Новая Каледония",
    "provedores_virtuais": ["virtual4"]
  },
  "Nicaragua": {
    "nome": "Nicarágua 🇳🇮",
    "código_ISO": "NI",
    "prefixo": "+505",
    "nome_en": "Nicaragua",
    "nome_ru": "Никарагуа",
    "provedores_virtuais": ["virtual21", "virtual4"]
  },
  "Nigeria": {
    "nome": "Nigéria 🇳🇬",
    "código_ISO": "NG",
    "prefixo": "+234",
    "nome_en": "Nigeria",
    "nome_ru": "Нигерия",
    "provedores_virtuais": ["virtual2", "virtual21", "virtual4"]
  },
  "Norway": {
    "nome": "Noruega 🇳🇴",
    "código_ISO": "NO",
    "prefixo": "+47",
    "nome_en": "Norway",
    "nome_ru": "Норвегия",
    "provedores_virtuais": ["virtual2", "virtual51", "virtual59", "virtual60"]
  },
  "Pakistan": {
    "nome": "Paquistão 🇵🇰",
    "código_ISO": "PK",
    "prefixo": "+92",
    "nome_en": "Pakistan",
    "nome_ru": "Пакистан",
    "provedores_virtuais": ["virtual2", "virtual21", "virtual4", "virtual42", "virtual51", "virtual52", "virtual59", "virtual60"]
  },
  "Panama": {
    "nome": "Panamá 🇵🇦",
    "código_ISO": "PA",
    "prefixo": "+507",
    "nome_en": "Panama",
    "nome_ru": "Панама",
    "provedores_virtuais": ["virtual2", "virtual21", "virtual4"]
  },
  "Paraguay": {
    "nome": "Paraguai 🇵🇾",
    "código_ISO": "PY",
    "prefixo": "+595",
    "nome_en": "Paraguay",
    "nome_ru": "Парагвай",
    "provedores_virtuais": ["virtual21", "virtual4"]
  },
  "Peru": {
    "nome": "Peru 🇵🇪",
    "código_ISO": "PE",
    "prefixo": "+51",
    "nome_en": "Peru",
    "nome_ru": "Перу",
    "provedores_virtuais": ["virtual21", "virtual33", "virtual4", "virtual51", "virtual59", "virtual60"]
  },
  "Philippines": {
    "nome": "Filipinas 🇵🇭",
    "código_ISO": "PH",
    "prefixo": "+63",
    "nome_en": "Philippines",
    "nome_ru": "Филиппины",
    "provedores_virtuais": ["virtual21", "virtual4", "virtual51", "virtual52", "virtual58", "virtual59", "virtual60"]
  },
  "Poland": {
    "nome": "Polônia 🇵🇱",
    "código_ISO": "PL",
    "prefixo": "+48",
    "nome_en": "Poland",
    "nome_ru": "Польша",
    "provedores_virtuais": ["virtual21", "virtual26", "virtual34", "virtual4", "virtual51", "virtual52", "virtual53", "virtual58", "virtual59", "virtual60"]
  },
  "Portugal": {
    "nome": "Portugal 🇵🇹",
    "código_ISO": "PT",
    "prefixo": "+351",
    "nome_en": "Portugal",
    "nome_ru": "Португалия",
    "provedores_virtuais": ["virtual2", "virtual21", "virtual4", "virtual51", "virtual52", "virtual59", "virtual60"]
  },
  "Puerto Rico": {
    "nome": "Porto Rico 🇵🇷",
    "código_ISO": "PR",
    "prefixo": "+1",
    "nome_en": "Puerto Rico",
    "nome_ru": "Пуэрто-Рико",
    "provedores_virtuais": ["virtual4"]
  },
  "Reunion": {
    "nome": "Reunião 🇷🇪",
    "código_ISO": "RE",
    "prefixo": "+262",
    "nome_en": "Reunion",
    "nome_ru": "Реюньон",
    "provedores_virtuais": ["virtual4"]
  },
  "Romania": {
    "nome": "Romênia 🇷🇴",
    "código_ISO": "RO",
    "prefixo": "+40",
    "nome_en": "Romania",
    "nome_ru": "Румыния",
    "provedores_virtuais": ["virtual2", "virtual21", "virtual26", "virtual34", "virtual36", "virtual37", "virtual4", "virtual52", "virtual56"]
  },
  "Saudi Arabia": {
    "nome": "Arábia Saudita 🇸🇦",
    "código_ISO": "SA",
    "prefixo": "+966",
    "nome_en": "Saudi Arabia",
    "nome_ru": "Саудовская Аравия",
    "provedores_virtuais": ["virtual21", "virtual4", "virtual51", "virtual52", "virtual59", "virtual60"]
  },
  "Senegal": {
    "nome": "Senegal 🇸🇳",
    "código_ISO": "SN",
    "prefixo": "+221",
    "nome_en": "Senegal",
    "nome_ru": "Сенегал",
    "provedores_virtuais": ["virtual21", "virtual4"]
  },
  "Serbia": {
    "nome": "Sérvia 🇷🇸",
    "código_ISO": "RS",
    "prefixo": "+381",
    "nome_en": "Serbia",
    "nome_ru": "Сербия",
    "provedores_virtuais": ["virtual2", "virtual21", "virtual4"]
  },
  "Singapore": {
    "nome": "Singapura 🇸🇬",
    "código_ISO": "SG",
    "prefixo": "+65",
    "nome_en": "Singapore",
    "nome_ru": "Сингапур",
    "provedores_virtuais": ["virtual2", "virtual21", "virtual4", "virtual52", "virtual58"]
  },
  "Solomon Islands": {
    "nome": "Ilhas Salomão 🇸🇧",
    "código_ISO": "SB",
    "prefixo": "+677",
    "nome_en": "Solomon Islands",
    "nome_ru": "Соломоновы острова",
    "provedores_virtuais": ["virtual4"]
  },
  "Somalia": {
    "nome": "Somália 🇸🇴",
    "código_ISO": "SO",
    "prefixo": "+252",
    "nome_en": "Somalia",
    "nome_ru": "Сомали",
    "provedores_virtuais": ["virtual21", "virtual4"]
  },
  "South Africa": {
    "nome": "África do Sul 🇿🇦",
    "código_ISO": "ZA",
    "prefixo": "+27",
    "nome_en": "South Africa",
    "nome_ru": "Южная Африка",
    "provedores_virtuais": ["virtual2", "virtual21", "virtual4", "virtual51", "virtual52", "virtual59", "virtual60"]
  },
  "South Korea": {
    "nome": "Coreia do Sul 🇰🇷",
    "código_ISO": "KR",
    "prefixo": "+82",
    "nome_en": "South Korea",
    "nome_ru": "Южная Корея",
    "provedores_virtuais": ["virtual2", "virtual21", "virtual4"]
  },
  "South Sudan": {
    "nome": "Sudão do Sul 🇸🇸",
    "código_ISO": "SS",
    "prefixo": "+211",
    "nome_en": "South Sudan",
    "nome_ru": "Южный Судан",
    "provedores_virtuais": ["virtual21", "virtual4"]
  },
  "Spain": {
    "nome": "Espanha 🇪🇸",
    "código_ISO": "ES",
    "prefixo": "+34",
    "nome_en": "Spain",
    "nome_ru": "Испания",
    "provedores_virtuais": ["virtual2", "virtual21", "virtual4", "virtual51", "virtual52", "virtual53", "virtual59", "virtual60"]
  },
  "Sudan": {
    "nome": "Sudão 🇸🇩",
    "código_ISO": "SD",
    "prefixo": "+249",
    "nome_en": "Sudan",
    "nome_ru": "Судан",
    "provedores_virtuais": ["virtual21", "virtual4"]
  },
  "Sweden": {
    "nome": "Suécia 🇸🇪",
    "código_ISO": "SE",
    "prefixo": "+46",
    "nome_en": "Sweden",
    "nome_ru": "Швеция",
    "provedores_virtuais": ["virtual2", "virtual51", "virtual59", "virtual60"]
  },
  "Switzerland": {
    "nome": "Suíça 🇨🇭",
    "código_ISO": "CH",
    "prefixo": "+41",
    "nome_en": "Switzerland",
    "nome_ru": "Швейцария",
    "provedores_virtuais": ["virtual2", "virtual21", "virtual4", "virtual51", "virtual52", "virtual59", "virtual60"]
  },
  "Syria": {
    "nome": "Síria 🇸🇾",
    "código_ISO": "SY",
    "prefixo": "+963",
    "nome_en": "Syria",
    "nome_ru": "Сирия",
    "provedores_virtuais": ["virtual21", "virtual4"]
  },
  "Taiwan": {
    "nome": "Taiwan 🇹🇼",
    "código_ISO": "TW",
    "prefixo": "+886",
    "nome_en": "Taiwan",
    "nome_ru": "Тайвань",
    "provedores_virtuais": ["virtual21", "virtual4", "virtual52", "virtual58"]
  },
  "Tajikistan": {
    "nome": "Tajiquistão 🇹🇯",
    "código_ISO": "TJ",
    "prefixo": "+992",
    "nome_en": "Tajikistan",
    "nome_ru": "Таджикистан",
    "provedores_virtuais": ["virtual21", "virtual4"]
  },
  "Tanzania": {
    "nome": "Tanzânia 🇹🇿",
    "código_ISO": "TZ",
    "prefixo": "+255",
    "nome_en": "Tanzania",
    "nome_ru": "Танзания",
    "provedores_virtuais": ["virtual2", "virtual21", "virtual4"]
  },
  "Thailand": {
    "nome": "Tailândia 🇹🇭",
    "código_ISO": "TH",
    "prefixo": "+66",
    "nome_en": "Thailand",
    "nome_ru": "Таиланд",
    "provedores_virtuais": ["virtual21", "virtual4", "virtual51", "virtual52", "virtual58", "virtual59", "virtual60"]
  },
  "Togo": {
    "nome": "Togo 🇹🇬",
    "código_ISO": "TG",
    "prefixo": "+228",
    "nome_en": "Togo",
    "nome_ru": "Того",
    "provedores_virtuais": ["virtual21", "virtual4"]
  },
  "Turkey": {
    "nome": "Turquia 🇹🇷",
    "código_ISO": "TR",
    "prefixo": "+90",
    "nome_en": "Turkey",
    "nome_ru": "Турция",
    "provedores_virtuais": ["virtual2", "virtual21", "virtual4", "virtual51", "virtual52", "virtual59", "virtual60"]
  },
  "Ukraine": {
    "nome": "Ucrânia 🇺🇦",
    "código_ISO": "UA",
    "prefixo": "+380",
    "nome_en": "Ukraine",
    "nome_ru": "Украина",
    "provedores_virtuais": ["virtual2", "virtual21", "virtual4", "virtual51", "virtual52", "virtual59", "virtual60"]
  },
  "United Arab Emirates": {
    "nome": "Emirados Árabes Unidos 🇦🇪",
    "código_ISO": "AE",
    "prefixo": "+971",
    "nome_en": "United Arab Emirates",
    "nome_ru": "Объединённые Арабские Эмираты",
    "provedores_virtuais": ["virtual21", "virtual4", "virtual51", "virtual52", "virtual59", "virtual60"]
  },
  "United Kingdom": {
    "nome": "Reino Unido 🇬🇧",
    "código_ISO": "GB",
    "prefixo": "+44",
    "nome_en": "United Kingdom",
    "nome_ru": "Великобритания",
    "provedores_virtuais": ["virtual2", "virtual21", "virtual4", "virtual51", "virtual52", "virtual59", "virtual60"]
  },
  "United States": {
    "nome": "Estados Unidos 🇺🇸",
    "código_ISO": "US",
    "prefixo": "+1",
    "nome_en": "United States",
    "nome_ru": "Соединённые Штаты",
    "provedores_virtuais": ["virtual2", "virtual4", "virtual51", "virtual52", "virtual59", "virtual60"]
  },
  "Uruguay": {
    "nome": "Uruguai 🇺🇾",
    "código_ISO": "UY",
    "prefixo": "+598",
    "nome_en": "Uruguay",
    "nome_ru": "Уругвай",
    "provedores_virtuais": ["virtual21", "virtual4"]
  },
  "Uzbekistan": {
    "nome": "Uzbequistão 🇺🇿",
    "código_ISO": "UZ",
    "prefixo": "+998",
    "nome_en": "Uzbekistan",
    "nome_ru": "Узбекистан",
    "provedores_virtuais": ["virtual21", "virtual4"]
  },
  "Venezuela": {
    "nome": "Venezuela 🇻🇪",
    "código_ISO": "VE",
    "prefixo": "+58",
    "nome_en": "Venezuela",
    "nome_ru": "Венесуэла",
    "provedores_virtuais": ["virtual21", "virtual4", "virtual51", "virtual59", "virtual60"]
  },
  "Vietnam": {
    "nome": "Vietnã 🇻🇳",
    "código_ISO": "VN",
    "prefixo": "+84",
    "nome_en": "Vietnam",
    "nome_ru": "Вьетнам",
    "provedores_virtuais": ["virtual21", "virtual4", "virtual52", "virtual58"]
  }
}
