{
  "6939434522": {
    "id": 6939434522,
    "nome": "Apenas um ser igual você",
    "username": "santsz_7",
    "data_start": "2025-10-29",
    "max_comandos": 0,
    "ultimo_comando": "2025-10-29",
    "saldo": 0.0,
    "numeros_comprados": 0,
    "recargas_feitas": 0.0,
    "gifts_resgatados": 0.0,
    "saldo_afiliado": 0.0,
    "indicacoes": 0,
    "pais": {
      "nome": "Brasil 🇧🇷",
      "código_ISO": "BR",
      "prefixo": "+55",
      "nome_en": "Brazil",
      "nome_ru": "Бразилия",
      "provedores_virtuais": [
        "virtual21",
        "virtual4",
        "virtual51",
        "virtual59",
        "virtual60",
        "virtual61"
      ]
    },
    "pais_id": "Brazil",
    "pais_atual": "Brazil"
  },
  "7875049118": {
    "id": 7875049118,
    "nome": "Gabriel Lucas",
    "username": "biellucasz",
    "data_start": "2025-11-07",
    "max_comandos": 0,
    "ultimo_comando": "2025-11-07",
    "saldo": 7.0,
    "numeros_comprados": 0,
    "recargas_feitas": 0.0,
    "gifts_resgatados": 7.0,
    "saldo_afiliado": 0.0,
    "indicacoes": 0,
    "pais": {
      "nome": "Jordânia 🇯🇴",
      "código_ISO": "JO",
      "prefixo": "+962",
      "nome_en": "Jordan",
      "nome_ru": "Иордания",
      "provedores_virtuais": [
        "virtual21",
        "virtual4"
      ]
    },
    "pais_id": "Jordan",
    "pais_atual": "Jordan"
  },
  "8193629634": {
    "id": 8193629634,
    "nome": "𝐶⃪𝑎⃪𝑟⃪𝑙⃪𝑜⃪𝑠⃪",
    "username": "sem_username",
    "data_start": "2025-11-27",
    "max_comandos": 0,
    "ultimo_comando": "2025-11-27",
    "saldo": 0.0,
    "numeros_comprados": 0,
    "recargas_feitas": 0.0,
    "gifts_resgatados": 0.0,
    "saldo_afiliado": 0.0,
    "indicacoes": 0,
    "pais": {
      "nome": "Guadalupe 🇬🇵",
      "código_ISO": "GP",
      "prefixo": "+590",
      "nome_en": "Guadeloupe",
      "nome_ru": "Гваделупа",
      "provedores_virtuais": [
        "virtual4"
      ]
    },
    "pais_id": "Guadeloupe",
    "pais_atual": "Guadeloupe"
  },
  "6919689796": {
    "id": 6919689796,
    "nome": "...",
    "username": "Lordezin",
    "data_start": "2025-11-29",
    "max_comandos": 0,
    "ultimo_comando": "2025-11-29",
    "saldo": 0.0,
    "numeros_comprados": 0,
    "recargas_feitas": 0.0,
    "gifts_resgatados": 0.0,
    "saldo_afiliado": 0.0,
    "indicacoes": 0,
    "pais": {
      "nome": "Brasil 🇧🇷",
      "código_ISO": "BR",
      "prefixo": "+55",
      "nome_en": "Brazil",
      "nome_ru": "Бразилия",
      "provedores_virtuais": [
        "virtual21",
        "virtual4",
        "virtual51",
        "virtual59",
        "virtual60",
        "virtual61"
      ]
    },
    "pais_id": "Brazil",
    "pais_atual": "Brazil"
  }
}